{"cameraMode":{"drawMode":0,"name":"Shaded","section":"Shading Mode"},"sceneLighting":true,"audioPlay":false,"sceneViewState":{"m_AlwaysRefresh":false,"showFog":true,"showSkybox":true,"showFlares":true,"showImageEffects":true,"showParticleSystems":true,"showVisualEffectGraphs":true,"m_FxEnabled":true},"in2DMode":false,"pivot":{"x":-15.72000503540039,"y":2.359999656677246,"z":-11.160000801086426},"rotation":{"x":-0.0062441579066216949,"y":0.9488323330879211,"z":-0.018798500299453737,"w":-0.31516993045806887},"size":3.862879991531372,"orthographic":false}